id,order,GIS ObjectID,InfrastID,WBS,Code,Funding comment,Portfolio,Category,Subcategory,Project Name,Project Description,Project Priority,Funding Needed,address,From,To,LATITUDE,LONGITUDE,Quadrants,NE Quadrant,NW Quadrant,SE Quadrant,SW Quadrant,Quadrant Factor,Quadrant Funding Estimated,CD,CD 1,CD 2,CD 3,CD 4,CD 5,CD 6,CD 7,CD 8,CD 9,CD 10,CD 11,CD 12,CW,CD Funding Factor,CD Funding Estimated,NPU 1,NPU 2,NPU 3,NPU 4,NPU 5,Neighborhood 1,Neighborhood 2,Neighborhood 3,Neighborhood 4,Neighborhood 5,Neighborhood 6,Neighborhood 7,Neighborhood 8,Neighborhood 9,Neighborhood 10,Neighborhood 11,Corridor 1,Corridor 2,Corridor 3,Secondary Corridor 1,Secondary Corridor 2,Secondary Corridor 3,Regional Employment Center,Priority and Sub Cat,Comments,Added,dropped
1,1,,,,,2022-E,Transportation,Roadway,Roadway Resurfacing,10th Street,Resurfacing from Piedmont Avenue to Monroe Drive.,High,"$349,110.00","230 10th Street Northeast, Atlanta, GA 30309",230 10th Street Northeast,,,,,,,,,,,,,,,,,,,,,,,,,,,,,,,,,,,,,,,,,,,,,,,,,,,,,
2,2,,,,,2151-E,Transportation,Traffic,Traffic Communication Corridor,10th Street,Upgrades along major thoroughfares to optimize signal operations and communications network to ATCC.,High,"$266,400","10 10th Street NE, Atlanta, GA 30309",10 10th Street NE,,,,,,,,,,,,,,,,,,,,,,,,,,,,,,,,,,,,,,,,,,,,,,,,,,,,,
3,3,,,,,2024-E,Transportation,Roadway,Roadway Resurfacing,14th Street,Resurfacing from Peachtree Street to West Peachtree Street.,High,"$32,871.00","35 14th Street Northeast, Atlanta, GA 30309",35 14th Street Northeast,,,,,,,,,,,,,,,,,,,,,,,,,,,,,,,,,,,,,,,,,,,,,,,,,,,,,
4,4,,,,,2025-E,Transportation,Roadway,Roadway Resurfacing,14th Street,Resurfacing from Piedmont Avenue to Peachtree Street.,High,"$138,920.00","1280 Peachtree Street Northeast, Atlanta, GA 30309",1280 Peachtree Street Northeast,,,,,,,,,,,,,,,,,,,,,,,,,,,,,,,,,,,,,,,,,,,,,,,,,,,,,
5,5,,,,,2023-E,Transportation,Roadway,Roadway Resurfacing,14th Street,Resurfacing from Howell Mill Road to Northside Drive,High,"$110,000.00","626 14th Street Northwest, Atlanta, GA 30318",626 14th Street Northwest,,,,,,,,,,,,,,,,,,,,,,,,,,,,,,,,,,,,,,,,,,,,,,,,,,,,,
6,6,,,,,2174-E,Transportation,Traffic,Traffic Signals,14th Street @ Howell Mill Road,"Replacement of traffic signal LED's, cabinet, controller monitor, signal wiring, communications, & timing at the intersection.",High,"$87,760","691 14th Street Northwest, Atlanta, GA 30318",691 14th Street Northwest,,,,,,,,,,,,,,,,,,,,,,,,,,,,,,,,,,,,,,,,,,,,,,,,,,,,,
7,7,,,,,2152-E,Transportation,Traffic,Traffic Communication Corridor,14th street,Upgrades along major thoroughfares to optimize signal operations and communications network to ATCC.,High,"$266,400","365 14th Street Northwest, Atlanta, GA 30318",365 14th Street Northwest,,,,,,,,,,,,,,,,,,,,,,,,,,,,,,,,,,,,,,,,,,,,,,,,,,,,,
8,8,,,,,2107-E,Transportation,Sidewalks,ADA Ramps,ADA Ramp Replacement Program,Replacement and installation of ADA ramps to standard for ADA compliance. -Program,High,"$5,000,000.00",,,,,,,,,,,,,,,,,,,,,,,,,,,,,,,,,,,,,,,,,,,,,,,,,,,,,,,
9,9,,,,,2175-E,Transportation,Traffic,Traffic Signals,Alston Drive @ Candler Road,"Replacement of traffic signal LED's, cabinet, controller monitor, signal wiring, communications, & timing at the intersection.",High,"$87,760","2901 Alston Dr SE, Atlanta, GA 30317",2901 Alston Dr SE,,,,,,,,,,,,,,,,,,,,,,,,,,,,,,,,,,,,,,,,,,,,,,,,,,,,,
10,10,,,,,2153-E,Transportation,Traffic,Traffic Communication Corridor,Atlanta Avenue,Upgrades along major thoroughfares to optimize signal operations and communications network to ATCC.,High,"$299,700","168 Atlanta Ave SE, Atlanta, GA 30315",168 Atlanta Ave SE,,,,,,,,,,,,,,,,,,,,,,,,,,,,,,,,,,,,,,,,,,,,,,,,,,,,,
11,11,,,,,2026-E,Transportation,Roadway,Roadway Resurfacing,Avon Avenue,Resurfacing from Lee Street to Cascade Avenue,High,"$478,700","1286 Oakland Terrace Southwest, Atlanta, GA 30310",1286 Oakland Terrace Southwest,,,,,,,,,,,,,,,,,,,,,,,,,,,,,,,,,,,,,,,,,,,,,,,,,,,,,
12,12,,,,,2176-E,Transportation,Traffic,Traffic Signals,Avon Avenue @ Westmont Road & Orlando Street,"Replacement of traffic signal LED's, cabinet, controller monitor, signal wiring, communications, & timing at the intersection.",High,"$87,760","1510 Avon Ave SW, Atlanta, GA 30311",1510 Avon Ave SW,,,,,,,,,,,,,,,,,,,,,,,,,,,,,,,,,,,,,,,,,,,,,,,,,,,,,
13,13,,,,,2027-E,Transportation,Roadway,Roadway Resurfacing,Baker/Highland Connector,Resurfacing from Central Park Place to Piedmont Avenue,High,"$142,600","444 Highland Avenue Northeast, Atlanta, GA 30312",444 Highland Avenue Northeast,,,,,,,,,,,,,,,,,,,,,,,,,,,,,,,,,,,,,,,,,,,,,,,,,,,,,
14,14,,,,,2015-H,Transportation,Bridges,Bridge Maintenance,Bankhead Avenue,Removal of abandoned bridge structure over Southern Railroad between Marietta Street & Northside Drive.,High,"$290,000","962 Marietta Street Northwest, Atlanta, GA 30318",962 Marietta Street Northwest,,,,,,,,,,,,,,,,,,,,,,,,,,,,,,,,,,,,,,,,,,,,,,,,,,,,,
15,15,,,,,2028-E,Transportation,Roadway,Roadway Resurfacing,Barnett Street,Resurfacing from Virginia Avenue toPonce de Leon Avenue,High,"$195,218","Barnett St Ne, Atlanta, GA 30306",Barnett St Ne,,,,,,,,,,,,,,,,,,,,,,,,,,,,,,,,,,,,,,,,,,,,,,,,,,,,,
16,16,,,,,2177-E,Transportation,Traffic,Traffic Signals,Barnett Street @ Saint Charles Place,"Replacement of traffic signal LED's, cabinet, controller monitor, signal wiring, communications, & timing at the intersection.",High,"$87,760","781 Barnett St NE, Atlanta, GA 30306",781 Barnett St NE,,,,,,,,,,,,,,,,,,,,,,,,,,,,,,,,,,,,,,,,,,,,,,,,,,,,,
17,17,,,,,2029-E,Transportation,Roadway,Roadway Resurfacing,Beecher Street,Resurfacing from Donnelly Avenue to Ferris Street,High,"$456,300","792 Cascade Place Southwest, Atlanta, GA 30310",792 Cascade Place Southwest,,,,,,,,,,,,,,,,,,,,,,,,,,,,,,,,,,,,,,,,,,,,,,,,,,,,,
18,18,,,,,2030-E,Transportation,Roadway,Roadway Resurfacing,Berne Street,Resurfacing from Boulevard to Moreland Avenue,High,"$354,200","671 Moreland Avenue Southeast, Atlanta, GA 30316",671 Moreland Avenue Southeast,,,,,,,,,,,,,,,,,,,,,,,,,,,,,,,,,,,,,,,,,,,,,,,,,,,,,
19,19,,,,,2108-E,Transportation,Traffic,School Zone Flashers,Bethune Elementary School,School flashers for elementary school at 220 Northside Drive.,High,"$18,540","220 Northside Drive Northwest, Atlanta, GA 30314",220 Northside Drive Northwest,,,,,,,,,,,,,,,,,,,,,,,,,,,,,,,,,,,,,,,,,,,,,,,,,,,,,
20,20,,,,,2031-E,Transportation,Roadway,Roadway Resurfacing,Beverly Road,Resurfacing from Peachtree Street and Dead End,High,"$286,382","106 Beverly Rd NE, Atlanta, GA 30309",106 Beverly Rd NE,,,,,,,,,,,,,,,,,,,,,,,,,,,,,,,,,,,,,,,,,,,,,,,,,,,,,
21,21,,,,,2032-E,Transportation,Roadway,Roadway Resurfacing,Bohler Road,Resurfacing from Defoors Ferry Road to West Wesley Road,High,"$272,800","2636 Bohler Rd NW, Atlanta, GA 30327",2636 Bohler Rd NW,,,,,,,,,,,,,,,,,,,,,,,,,,,,,,,,,,,,,,,,,,,,,,,,,,,,,
22,22,,,,,2109-E,Transportation,Traffic,School Zone Flashers,Bolton Elementary School,School flashers for elementary school at 2268 Adams Drive Citywide,High,"$9,270","2268 Adams Drive Northwest, Atlanta, GA 30318‎",2268 Adams Drive Northwest,,,,,,,,,,,,,,,,,,,,,,,,,,,,,,,,,,,,,,,,,,,,,,,,,,,,,
23,23,,,,,2110-E,Transportation,Traffic,School Zone Flashers,Brown Middle School,School flashers for middle school at 765 Peeples Street,High,"$9,270","765 Peeples Street, Atlanta, GA 30310‎",765 Peeples Street,,,,,,,,,,,,,,,,,,,,,,,,,,,,,,,,,,,,,,,,,,,,,,,,,,,,,
24,24,,,,,2111-E,Transportation,Traffic,School Zone Flashers,Bunche Middle School,School flashers for middle school 1925 Niskey Lake Road,High,"$9,270","1925 Niskey Lake Rd SW, Atlanta, GA 30331",1925 Niskey Lake Rd SW,,,,,,,,,,,,,,,,,,,,,,,,,,,,,,,,,,,,,,,,,,,,,,,,,,,,,
25,25,,,,,2154-E,Transportation,Traffic,Traffic Communication Corridor,Campbellton Road,Upgrades along major thoroughfares to optimize signal operations and communications network to ATCC.,High,"$1,443,000","2231 Campbellton Rd SW, Atlanta, GA 30311",2231 Campbellton Rd SW,,,,,,,,,,,,,,,,,,,,,,,,,,,,,,,,,,,,,,,,,,,,,,,,,,,,,
26,26,,,,,2178-E,Transportation,Traffic,Traffic Signals,Campbellton Road @ Dodson Drive,"Replacement of traffic signal LED's, cabinet, controller monitor, signal wiring, communications, & timing at the intersection.",High,"$87,760","2683 Campbellton Road Southwest, Atlanta, GA 30311",2683 Campbellton Road Southwest,,,,,,,,,,,,,,,,,,,,,,,,,,,,,,,,,,,,,,,,,,,,,,,,,,,,,
27,27,,,,,2179-E,Transportation,Traffic,Traffic Signals,Campbellton Road @ Greenbriar Parkway & Mount Gilead Road,"Replacement of traffic signal LED's, cabinet, controller monitor, signal wiring, communications, & timing at the intersection.",High,"$87,760","3105 Campbellton Rd SW, Atlanta, GA 30311",3105 Campbellton Rd SW,,,,,,,,,,,,,,,,,,,,,,,,,,,,,,,,,,,,,,,,,,,,,,,,,,,,,
28,28,,,,,2180-E,Transportation,Traffic,Traffic Signals,Campbellton Road @ Oakland Avenue,"Replacement of traffic signal LED's, cabinet, controller monitor, signal wiring, communications, & timing at the intersection.",High,"$87,760","1207 Campbellton Rd SW, Atlanta, GA 30310",1207 Campbellton Rd SW,,,,,,,,,,,,,,,,,,,,,,,,,,,,,,,,,,,,,,,,,,,,,,,,,,,,,
29,29,,,,,2015-H,Transportation,Complete Street,Complete Street,Cascade Rd/Avenue,"The project scope may include milling and repaving, sidewalk & bus stop improvements: bicycle lanes and 
median/pedestrian refuge islands along Cascade Ave/Rd between Delowe and RD Abernathy Blvd. ",High,"$3,040,000","1050 Ralph David Abernathy Blvd SW, Atlanta, Georgia 30310",1050 Ralph David Abernathy Blvd SW,,,,,,,,,,,,,,,,,,,,,,,,,,,,,,,,,,,,,,,,,,,,,,,,,,,,,
30,30,,,,,2155-E,Transportation,Traffic,Traffic Communication Corridor,Cascade Road,Upgrades along major thoroughfares to optimize signal operations and communications network to ATCC.,High,"$1,554,000","3665 Cascade Rd SW, Atlanta, GA 30331",3665 Cascade Rd SW,,,,,,,,,,,,,,,,,,,,,,,,,,,,,,,,,,,,,,,,,,,,,,,,,,,,,
31,31,,,,,2181-E,Transportation,Traffic,Traffic Signals,Chattahoochee Avenue @ Ellsworth Industrial Boulevard,"Replacement of traffic signal LED's, cabinet, controller monitor, signal wiring, communications, & timing at the intersection.",High,"$87,760","1221 Chattahoochee Ave NW, Atlanta, GA 30318",1221 Chattahoochee Ave NW,,,,,,,,,,,,,,,,,,,,,,,,,,,,,,,,,,,,,,,,,,,,,,,,,,,,,
32,32,,,,,2182-E,Transportation,Traffic,Traffic Signals,Chattahoochee Avenue @ Hills Avenue,"Replacement of traffic signal LED's, cabinet, controller monitor, signal wiring, communications, & timing at the intersection.",High,"$87,760","1460 Chattahoochee Ave NW, Atlanta, GA 30318",1460 Chattahoochee Ave NW,,,,,,,,,,,,,,,,,,,,,,,,,,,,,,,,,,,,,,,,,,,,,,,,,,,,,
33,33,,,,,2033-E,Transportation,Roadway,Roadway Resurfacing,Cheshire Bridge Road,Resurfacing from Buford Highway to Piedmont Avenue,High,"$436,923","1999 Cheshire Bridge Road, Atlanta, GA 30324",1999 Cheshire Bridge Road,,,,,,,,,,,,,,,,,,,,,,,,,,,,,,,,,,,,,,,,,,,,,,,,,,,,,
34,34,,,,,2015-H,Transportation,Bridges,Bridge Replacement,Childress Drive,Replacement of bridge over South Utoy Creek between Key Drive & Cascade Road.,High,"$2,000,000","2851 Cascade Road, Atlanta, GA 30311",2851 Cascade Road,,,,,,,,,,,,,,,,,,,,,,,,,,,,,,,,,,,,,,,,,,,,,,,,,,,,,
35,35,,,,,2015-H,Transportation,Bridges,Bridge General,Citywide Bridge Improvements,Bridge and structural improvements including construction of new structures and/or structural component modifications,High,"$7,000,000",,,,,,,,,,,,,,,,,,,,,,,,,,,,,,,,,,,,,,,,,,,,,,,,,,,,,,,
36,36,,,,,2183-E,Transportation,Traffic,Traffic Signals,Citywide Signal System upgrades,"Replacement of traffic signal LED's, cabinet, controller monitor, signal wiring, communications, & timing at the intersection.",High,"$15,000,000",,,,,,,,,,,,,,,,,,,,,,,,,,,,,,,,,,,,,,,,,,,,,,,,,,,,,,,
37,37,,,,,2156-E,Transportation,Traffic,Traffic Communication Corridor,Claire Drive,Upgrades along major thoroughfares to optimize signal operations and communications network to ATCC.,High,"$266,400","479 Claire Dr NE, Atlanta, GA 30307",479 Claire Dr NE,,,,,,,,,,,,,,,,,,,,,,,,,,,,,,,,,,,,,,,,,,,,,,,,,,,,,
38,38,,,,,2034-E,Transportation,Roadway,Roadway Resurfacing,Cleveland Avenue,Resurfacing from Metropolitan Parkway to Jonesboro Road,High,"$1,107,000","121 Cleveland Avenue Southeast, Atlanta, GA 30315",121 Cleveland Avenue Southeast,,,,,,,,,,,,,,,,,,,,,,,,,,,,,,,,,,,,,,,,,,,,,,,,,,,,,
39,39,,,,,2157-E,Transportation,Traffic,Traffic Communication Corridor,Cleveland Avenue,Upgrades along major thoroughfares to optimize signal operations and communications network to ATCC.,High,"$745,900","47 Cleveland Ave SW, Atlanta, GA 30315",47 Cleveland Ave SW,,,,,,,,,,,,,,,,,,,,,,,,,,,,,,,,,,,,,,,,,,,,,,,,,,,,,
40,40,,,,,2035-E,Transportation,Roadway,Roadway Resurfacing,College Avenue,Resurfacing from Howard Street to City Limits,High,"$255,300","2030 College Ave NE, Atlanta, GA 30317",2030 College Ave NE,,,,,,,,,,,,,,,,,,,,,,,,,,,,,,,,,,,,,,,,,,,,,,,,,,,,,
41,41,,,,,2184-E,Transportation,Traffic,Traffic Signals,College Avenue @ Rockyford Road,"Replacement of traffic signal LED's, cabinet, controller monitor, signal wiring, communications, & timing at the intersection.",High,"$87,760","2055 College Ave NE, Atlanta, GA 30317",2055 College Ave NE,,,,,,,,,,,,,,,,,,,,,,,,,,,,,,,,,,,,,,,,,,,,,,,,,,,,,
42,42,,,,,2086-E,Transportation,Roadway,Roadway Resurfacing,Collier Road,Resurfacing from Howell Mill Road to Peachtree Road,High,"$356,179","534 Collier Rd NW, Atlanta, GA 30318",534 Collier Rd NW,,,,,,,,,,,,,,,,,,,,,,,,,,,,,,,,,,,,,,,,,,,,,,,,,,,,,
43,43,,,,,2185-E,Transportation,Traffic,Traffic Signals,Constitution Road @ Forrest Park Road,"Replacement of traffic signal LED's, cabinet, controller monitor, signal wiring, communications, & timing at the intersection.",High,"$87,760","898 Constitution Rd SE, Atlanta, GA 30315",898 Constitution Rd SE,,,,,,,,,,,,,,,,,,,,,,,,,,,,,,,,,,,,,,,,,,,,,,,,,,,,,
44,44,,,,,2112-E,Transportation,Traffic,School Zone Flashers,Continental Colony Elementary School,School flashers for elementary school at 3181 Hogan Road,High,"$9,270","3181 Hogan Road Southwest, Atlanta, GA 30331‎",3181 Hogan Road Southwest,,,,,,,,,,,,,,,,,,,,,,,,,,,,,,,,,,,,,,,,,,,,,,,,,,,,,
45,45,,,,,2113-E,Transportation,Traffic,School Zone Flashers,Coretta Scott King Middle School,School flashers for middle school 1190 Northwest Drive,High,"$9,270","1190 Northwest Dr NW, Atlanta, GA 30318‎",1190 Northwest Dr NW,,,,,,,,,,,,,,,,,,,,,,,,,,,,,,,,,,,,,,,,,,,,,,,,,,,,,
46,46,,,,,2015-H,Transportation,Bridges,Bridge Replacement,Courtland Street,"Replacement of 106+ year old bridge over Decatur Street & CSX Railroad between Martin L. King, Jr. Drive & 
Edgewood Avenue. The City of Atlanta is responsible for right of way acquisition and utility relocation. Construction 
is being funded through GDOT",High,"$2,000,000","1590 Marietta Blvd NW, Atlanta, Georgia 30318",1590 Marietta Blvd NW,,,,,,,,,,,,,,,,,,,,,,,,,,,,,,,,,,,,,,,,,,,,,,,,,,,,,
47,47,,,,,2036-E,Transportation,Roadway,Roadway Resurfacing,Decatur Street,Resurfacing from Peachtree Street to Gunby Street,High,"$558,500","349 Decatur Street Southeast, Atlanta, GA 30312",349 Decatur Street Southeast,,,,,,,,,,,,,,,,,,,,,,,,,,,,,,,,,,,,,,,,,,,,,,,,,,,,,
48,48,,,,,2037-E,Transportation,Roadway,Roadway Resurfacing,Defoors Ferry,Resurfacing from Hills Avenue to Hyde Manor,High,"$257,000","2194 Defoors Ferry Rd NW, Atlanta, GA 30318",2194 Defoors Ferry Rd NW,,,,,,,,,,,,,,,,,,,,,,,,,,,,,,,,,,,,,,,,,,,,,,,,,,,,,
49,49,,,,,2015-H,Transportation,Complete Street,Complete Street,DeKalb Ave,"Complete Street improvements inclusive of milling and repaving, sidewalk and ADA ramp repair and installation, 
reversible lane removal and addition of bicycle facilities along DeKalb Av from MARTA Inman Park-Reynoldstown 
Station (Hurt St) to city limit.",High,"$2,511,300","1055 DeKalb Avenue NE, Atlanta, GA 30307",1055 DeKalb Avenue NE,,,,,,,,,,,,,,,,,,,,,,,,,,,,,,,,,,,,,,,,,,,,,,,,,,,,,
50,50,,,,,2158-E,Transportation,Traffic,Traffic Communication Corridor,DeKalb Ave/Decatur Street,Upgrades along major thoroughfares to optimize signal operations and communications network to ATCC.,High,"$1,176,600","349 Decatur St SE, Atlanta, GA 30312",349 Decatur St SE,,,,,,,,,,,,,,,,,,,,,,,,,,,,,,,,,,,,,,,,,,,,,,,,,,,,,
51,51,,,,,2038-E,Transportation,Roadway,Roadway Resurfacing,DeKalb Avenue,Resurfacing from City Limits to Gunby Street.,High,"$1,082,000","1380 DeKalb Ave NE, Atlanta, GA 30307",1380 DeKalb Ave NE,,,,,,,,,,,,,,,,,,,,,,,,,,,,,,,,,,,,,,,,,,,,,,,,,,,,,
52,52,,,,,2186-E,Transportation,Traffic,Traffic Signals,Dekalb Avenue,Replacement of reversible lane traffic signal system from Jackson Street to Oxford Place.,High,"$1,502,090","1830 DeKalb Ave NE, Atlanta, GA 30307",1830 DeKalb Ave NE,,,,,,,,,,,,,,,,,,,,,,,,,,,,,,,,,,,,,,,,,,,,,,,,,,,,,
53,53,,,,,2187-E,Transportation,Traffic,Traffic Signals,DeKalb Avenue @ Rockyford Road & DeKalb Place,"Replacement of traffic signal LED's, cabinet, controller monitor, signal wiring, communications, & timing at the intersection.",High,"$87,760","2054 DeKalb Ave NE, Atlanta, GA 30307",2054 DeKalb Ave NE,,,,,,,,,,,,,,,,,,,,,,,,,,,,,,,,,,,,,,,,,,,,,,,,,,,,,
54,54,,,,,2039-E,Transportation,Roadway,Roadway Resurfacing,Dill Avenue,Resurfacing from Murphy Avenue to Metropolitan Parkway,High,"$359,000","902 Dill Avenue Southwest, Atlanta, GA 30310",902 Dill Avenue Southwest,,,,,,,,,,,,,,,,,,,,,,,,,,,,,,,,,,,,,,,,,,,,,,,,,,,,,
55,55,,,,,2041-E,Transportation,Roadway,Roadway Resurfacing,East Cleveland Avenue,Resurfacing from Metropolitan Parkway to Springdale Road,High,"$301,600","2691 Springdale Rd SW, Atlanta, GA 30344",2691 Springdale Rd SW,,,,,,,,,,,,,,,,,,,,,,,,,,,,,,,,,,,,,,,,,,,,,,,,,,,,,
56,56,,,,,2042-E,Transportation,Roadway,Roadway Resurfacing,East Morningside Drive,Resurfacing from Piedmont Avenue to North Pelham Road,High,"$55,386","691 East Morningside Dr NE, Atlanta, GA 30324",691 East Morningside Dr NE,,,,,,,,,,,,,,,,,,,,,,,,,,,,,,,,,,,,,,,,,,,,,,,,,,,,,
57,57,,,,,2015-H,Transportation,Complete Street,Complete Street,East Paces Ferry Road,"Complete Street improvements inclusive of milling, repaving, and installation of pedestrian & bicycle improvements 
from the Gordon bynum Bridge to Roxboro Road.",High,"$1,000,000","3393 Peachtree Road, Atlanta, GA 30326",3393 Peachtree Road,,,,,,,,,,,,,,,,,,,,,,,,,,,,,,,,,,,,,,,,,,,,,,,,,,,,,
58,58,,,,,2043-E,Transportation,Roadway,Roadway Resurfacing,East Roxboro Road,Resurfacing from Railroad Bridge to W. Roxboro Road,High,"$155,175","2060 East Roxboro Rd NE, Atlanta, GA 30324",2060 East Roxboro Rd NE,,,,,,,,,,,,,,,,,,,,,,,,,,,,,,,,,,,,,,,,,,,,,,,,,,,,,
59,59,,,,,2044-E,Transportation,Roadway,Roadway Resurfacing,Ellsworth Industrial Boulevard,Resurfacing from Huff Road to Dead End,High,"$352,000","1401 Ellsworth Industrial Boulevard Northwest, Atlanta, GA 30318",1401 Ellsworth Industrial Boulevard Northwest,,,,,,,,,,,,,,,,,,,,,,,,,,,,,,,,,,,,,,,,,,,,,,,,,,,,,
60,60,,,,,2045-E,Transportation,Roadway,Roadway Resurfacing,Empire Boulevard,Resurfacing from Oak Drive to Browns Mill Road,High,"$544,700","3333 Empire Boulevard Southwest, Atlanta, GA 30354",3333 Empire Boulevard Southwest,,,,,,,,,,,,,,,,,,,,,,,,,,,,,,,,,,,,,,,,,,,,,,,,,,,,,
61,61,,,,,2046-E,Transportation,Roadway,Roadway Resurfacing,Empire Way,Resurfacing from Empire Boulevard to end of road,High,"$21,200","3423 Empire Blvd SW, Atlanta, GA 30354",3423 Empire Blvd SW,,,,,,,,,,,,,,,,,,,,,,,,,,,,,,,,,,,,,,,,,,,,,,,,,,,,,
62,62,,,,,2114-E,Transportation,Traffic,School Zone Flashers,F. L. Stanton Elementary School,"School flashers for elementary school at 1625 Martin L. King, Jr. Drive",High,"$9,270","1625 Martin Luther King Junior Drive Southwest, Atlanta, GA ",1625 Martin Luther King Junior Drive Southwest,,,,,,,,,,,,,,,,,,,,,,,,,,,,,,,,,,,,,,,,,,,,,,,,,,,,,
63,63,,,,,2225-E,Non-Transportation Major,Facility,City Building,Facility Maintenance,Critical maintenance and upgrades to facilities across the city.,High,"$10,500,000.00",,,,,,,,,,,,,,,,,,,,,,,,,,,,,,,,,,,,,,,,,,,,,,,,,,,,,,,
64,64,,,,,2047-E,Transportation,Roadway,Roadway Resurfacing,Fair Street,Resurfacing from Walker Street to Lawton Street,High,"$367,000","465 Fair St SW, Atlanta, GA 30313",465 Fair St SW,,,,,,,,,,,,,,,,,,,,,,,,,,,,,,,,,,,,,,,,,,,,,,,,,,,,,
65,65,,,,,2015-H,Transportation,Complete Street,Complete Street,Fairburn Rd,"Complete Street improvements inclusive of milling, repaving, and installation of bicycle lanes, sidewalks and pedestrian improvements from ML King, Jr Drive to Benjamin E. Mays Dr.",High,"$1,500,000","1680 Ralph David Abernathy SW, Atlanta, GA 30310",1680 Ralph David Abernathy SW,,,,,,,,,,,,,,,,,,,,,,,,,,,,,,,,,,,,,,,,,,,,,,,,,,,,,
66,66,,,,,2115-E,Transportation,Traffic,School Zone Flashers,Fickett Elementary School,School flashers for elementary school at 3935 Rux Road,High,"$9,270","3935 Rux Road, Atlanta, GA 30331",3935 Rux Road,,,,,,,,,,,,,,,,,,,,,,,,,,,,,,,,,,,,,,,,,,,,,,,,,,,,,
67,67,,,,,2116-E,Transportation,Traffic,School Zone Flashers,Forest Hills Academy,School flashers for elementary school at 3950 Forrest Hill Drive,High,"$9,270","2930 Forrest Hills Dr, Atlanta, GA 30315‎",2930 Forrest Hills Dr,,,,,,,,,,,,,,,,,,,,,,,,,,,,,,,,,,,,,,,,,,,,,,,,,,,,,
68,68,,,,,2048-E,Transportation,Roadway,Roadway Resurfacing,Forrest Park Road,Resurfacing from Constitution Road to I-285,High,"$195,300","3232 Forrest Park Rd SE, Atlanta, GA 30354",3232 Forrest Park Rd SE,,,,,,,,,,,,,,,,,,,,,,,,,,,,,,,,,,,,,,,,,,,,,,,,,,,,,
69,69,,,,,2015-H,Transportation,Complete Street,Complete Street,Forsyth St,"Complete Street improvements inclusive of milling, repaving, and installation of bicycle lanes, sidewalks and 
pedestrian improvements from Peachtree Street to Memorial Drive.",High,"$811,100","2061 North Druid Hills Road Northeast, Atlanta, GA 30329",2061 North Druid Hills Road Northeast,,,,,,,,,,,,,,,,,,,,,,,,,,,,,,,,,,,,,,,,,,,,,,,,,,,,,
70,70,,,,,2049-E,Transportation,Roadway,Roadway Resurfacing,Fort Street,Resurfacing from Irwin Street to Auburn Avenue,High,"$56,000","89 Fort St NE, Atlanta, GA 30312",89 Fort St NE,,,,,,,,,,,,,,,,,,,,,,,,,,,,,,,,,,,,,,,,,,,,,,,,,,,,,
71,71,,,,,2117-E,Transportation,Traffic,School Zone Flashers,Garden Hills Elementary School,School flashers for elementary school at 285 Sheridan Drive,High,"$9,270","285 Sheridan Drive Northeast, Atlanta, GA 30305",285 Sheridan Drive Northeast,,,,,,,,,,,,,,,,,,,,,,,,,,,,,,,,,,,,,,,,,,,,,,,,,,,,,
72,72,,,,,2015-E,Transportation,Complete Street,Complete Street,General (unassigned),"Complete Street improvements inclusive of milling, repaving, and installation of pedestrian & bicycle improvements. ",High,"$5,000,000",,,,,,,,,,,,,,,,,,,,,,,,,,,,,,,,,,,,,,,,,,,,,,,,,,,,,,,
73,73,,,,,2159-E,Transportation,Traffic,Traffic Communication Corridor,Glenwood Road,Upgrades along major thoroughfares to optimize signal operations and communications network to ATCC.,High,"$488,400","488 Flat Shoals Avenue Southeast, Atlanta, GA 30316",488 Flat Shoals Avenue Southeast,,,,,,,,,,,,,,,,,,,,,,,,,,,,,,,,,,,,,,,,,,,,,,,,,,,,,
74,74,,,,,2050-E,Transportation,Roadway,Roadway Resurfacing,Greenbriar Parkway,Resurfacing from Campbellton Road to Barge Road,High,"$837,700","2841 Greenbriar Parkway SW Atlanta, GA 30331",2841 Greenbriar Parkway SW,,,,,,,,,,,,,,,,,,,,,,,,,,,,,,,,,,,,,,,,,,,,,,,,,,,,,
75,75,,,,,2160-E,Transportation,Traffic,Traffic Communication Corridor,Greenbriar Parkway,Upgrades along major thoroughfares to optimize signal operations and communications network to ATCC.,High,"$293,000","2841 Greenbriar Parkway SW Atlanta, GA 30331",2841 Greenbriar Parkway SW,,,,,,,,,,,,,,,,,,,,,,,,,,,,,,,,,,,,,,,,,,,,,,,,,,,,,
76,76,,,,,2188-E,Transportation,Traffic,Traffic Signals,Habersham Road@ West Wesley Road,"Replacement of traffic signal LED's, controller monitor signal wiring, communication, & timing at the intersection.",High,"$74,920","221 W Wesley Rd NW, Atlanta, GA 30305",221 W Wesley Rd NW,,,,,,,,,,,,,,,,,,,,,,,,,,,,,,,,,,,,,,,,,,,,,,,,,,,,,
77,77,,,,,2189-E,Transportation,Traffic,Traffic Signals,Hamilton E. Holmes Drive @ Burton Road,"Replacement of traffic signal LED's, cabinet, controller monitor, signal wiring, communications, & timing at the intersection.",High,"$87,760","81 Hamilton E Holmes Dr NW, Atlanta, GA 30311",81 Hamilton E Holmes Dr NW,,,,,,,,,,,,,,,,,,,,,,,,,,,,,,,,,,,,,,,,,,,,,,,,,,,,,
78,78,,,,,2051-E,Transportation,Roadway,Roadway Resurfacing,Hapeville Road,Resurfacing from Cleveland Avenue to Oak Drive,High,"$183,500","2981 Hapeville Rd SW, Atlanta, GA 30354",2981 Hapeville Rd SW,,,,,,,,,,,,,,,,,,,,,,,,,,,,,,,,,,,,,,,,,,,,,,,,,,,,,
79,79,,,,,2052-E,Transportation,Roadway,Roadway Resurfacing,Harbin Road,Resurfacing from Cascade Road to Campbellton Road,High,"$389,000","1639 Harbin Rd SW, Atlanta, GA 30311",1639 Harbin Rd SW,,,,,,,,,,,,,,,,,,,,,,,,,,,,,,,,,,,,,,,,,,,,,,,,,,,,,
80,80,,,,,2053-E,Transportation,Roadway,Roadway Resurfacing,Harris Street,Resurfacing from Centennial Olympic Park Drive to Piedmont Avenue.,High,"$223,400","104 Harris St NW, Atlanta, GA 30313",104 Harris St NW,,,,,,,,,,,,,,,,,,,,,,,,,,,,,,,,,,,,,,,,,,,,,,,,,,,,,
81,81,,,,,2118-E,Transportation,Traffic,School Zone Flashers,Henry W. Grady High School,School flashers for High school at 929 Charles Allen Drive,High,"$18,540","929 Charles Allen Drive Northeast, Atlanta, GA 30309‎",929 Charles Allen Drive Northeast,,,,,,,,,,,,,,,,,,,,,,,,,,,,,,,,,,,,,,,,,,,,,,,,,,,,,
82,82,,,,,2119-E,Transportation,Traffic,School Zone Flashers,Heritage Academy,School flashers for school at 3500 Villa Circle SE,High,"$9,270","3500 Villa Circle Southeast, Atlanta, GA 30354",3500 Villa Circle Southeast,,,,,,,,,,,,,,,,,,,,,,,,,,,,,,,,,,,,,,,,,,,,,,,,,,,,,
83,83,,,,,2054-E,Transportation,Roadway,Roadway Resurfacing,Hightower Road,Resurfacing from Hollywood Road to James Jackson Parkway.,High,"$384,000","1111 Hightower Road Northwest, Atlanta, GA 30318",1111 Hightower Road Northwest,,,,,,,,,,,,,,,,,,,,,,,,,,,,,,,,,,,,,,,,,,,,,,,,,,,,,
84,84,,,,,2055-E,Transportation,Roadway,Roadway Resurfacing,Hills Avenue,Resurfacing from Chattahoochee Avenue to Defoors Ferry Road,High,"$143,700","2144 Hills Ave NW, Atlanta, GA 30318",2144 Hills Ave NW,,,,,,,,,,,,,,,,,,,,,,,,,,,,,,,,,,,,,,,,,,,,,,,,,,,,,
85,85,,,,,2056-E,Transportation,Roadway,Roadway Resurfacing,Hills Place,Resurfacing from Hills Avenue to cul-de-sac,High,"$91,300","1416 Hills Pl NW, Atlanta, GA 30318",1416 Hills Pl NW,,,,,,,,,,,,,,,,,,,,,,,,,,,,,,,,,,,,,,,,,,,,,,,,,,,,,
86,86,,,,,2057-E,Transportation,Roadway,Roadway Resurfacing,Hollow Tree Lane,Resurfacing from Empire Boulevard to end of road,High,"$20,600","120 Hollow Tree Ln SW, Atlanta, GA 30354",120 Hollow Tree Ln SW,,,,,,,,,,,,,,,,,,,,,,,,,,,,,,,,,,,,,,,,,,,,,,,,,,,,,
87,87,,,,,2190-E,Transportation,Traffic,Traffic Signals,Hollywood Road @ Johnson Road,"Replacement of traffic signal LED's, cabinet, controller monitor, signal wiring, communications, & timing at the intersection.",High,"$87,760","6 Johnson Rd NW, Atlanta, GA 30318",6 Johnson Rd NW,,,,,,,,,,,,,,,,,,,,,,,,,,,,,,,,,,,,,,,,,,,,,,,,,,,,,
88,88,,,,,2161-E,Transportation,Traffic,Traffic Communication Corridor,Hosea Williams Drive,Upgrades along major thoroughfares to optimize signal operations and communications network to ATCC.,High,"$961,300","1998 Hosea L Williams Dr SE, Atlanta, GA 30317",1998 Hosea L Williams Dr SE,,,,,,,,,,,,,,,,,,,,,,,,,,,,,,,,,,,,,,,,,,,,,,,,,,,,,
89,89,,,,,2015-E,Transportation,Complete Street,Complete Street,Howell Mill Rd,"Complete Street improvements inclusive of milling, resurfacing and installation of bicycle lanes along Howell Mill Rd 
between Collier Rd and W. Marietta St, including streetscape and pedestrian safety improvements.",High,"$2,051,100","2020 Howell Mill Rd, Atlanta, GA 30318",2020 Howell Mill Rd,,,,,,,,,,,,,,,,,,,,,,,,,,,,,,,,,,,,,,,,,,,,,,,,,,,,,
90,90,,,,,2191-E,Transportation,Traffic,Traffic Signals,Howell Mill Road @ Collier Road,"Replacement of traffic signal LED's, cabinet, controller monitor, signal wiring, communications, & timing at the intersection.",High,"$87,760","785 Collier Rd NW, Atlanta, GA 30318",785 Collier Rd NW,,,,,,,,,,,,,,,,,,,,,,,,,,,,,,,,,,,,,,,,,,,,,,,,,,,,,
91,91,,,,,2192-E,Transportation,Traffic,Traffic Signals,Howell Mill Road @ Huff Road,"Replacement of traffic signal LED's, cabinet, controller monitor, signal wiring, communications, & timing at the intersection.",High,"$87,760","1210 Howell Mill Rd NW, Atlanta, GA 30318",1210 Howell Mill Rd NW,,,,,,,,,,,,,,,,,,,,,,,,,,,,,,,,,,,,,,,,,,,,,,,,,,,,,
92,92,,,,,2193-E,Transportation,Traffic,Traffic Signals,Howell Mill Road @ Peachtree Battle Avenue,"Replacement of traffic signal LED's, cabinet, controller monitor, signal wiring, communications, & timing at the intersection.",High,"$87,760","927 Peachtree Battle Ave NW, Atlanta, GA 30327",927 Peachtree Battle Ave NW,,,,,,,,,,,,,,,,,,,,,,,,,,,,,,,,,,,,,,,,,,,,,,,,,,,,,
93,93,,,,,2058-E,Transportation,Roadway,Roadway Resurfacing,Huber Street,Resurfacing from Chattahoochee Avenue to Glidden Street,High,"$139,400","1630 Huber St NW, Atlanta, GA 30318",1630 Huber St NW,,,,,,,,,,,,,,,,,,,,,,,,,,,,,,,,,,,,,,,,,,,,,,,,,,,,,
94,94,,,,,2059-E,Transportation,Roadway,Roadway Resurfacing,Huff Road,Resurfacing from Howell Mill Road to Marietta Boulevard,High,"$319,100","1082 Huff Road Northwest, Atlanta, GA 30318",1082 Huff Road Northwest,,,,,,,,,,,,,,,,,,,,,,,,,,,,,,,,,,,,,,,,,,,,,,,,,,,,,
95,95,,,,,2120-E,Transportation,Traffic,School Zone Flashers,Humphries Elementary,School flashers for elementary school at 3029 Humphries Drive,High,"$9,270","Humphries Drive Southeast, Atlanta, GA 30354",Humphries Drive Southeast,,,,,,,,,,,,,,,,,,,,,,,,,,,,,,,,,,,,,,,,,,,,,,,,,,,,,
96,96,,,,,2121-E,Transportation,Traffic,School Zone Flashers,Hutchinson Elementary,School flashers for elementary school at 650 Cleveland Avenue,High,"$9,270",Hutchinson Elementary,Hutchinson Elementary,,,,,,,,,,,,,,,,,,,,,,,,,,,,,,,,,,,,,,,,,,,,,,,,,,,,,
97,97,,,,,2122-E,Transportation,Traffic,School Zone Flashers,Inman Middle School,School flashers for middle school at 774 Virginia Avenue,High,"$9,270","774 Virginia Avenue Northeast, Atlanta, GA 30306","774 Virginia Avenue Northeast,",,,,,,,,,,,,,,,,,,,,,,,,,,,,,,,,,,,,,,,,,,,,,,,,,,,,,
98,98,,,,,2015-E,Transportation,Complete Street,Complete Street,J E Boone Blvd,"Complete Street improvements inclusive of milling, repaving, and restriping to include bicycle lanes along JE Boone
Blvd between Mayson Turner Road and Northside Dr (SR 3/US 41), including sidewalk and pedestrian safety
improvements at JE Boone Blvd at JE",High,"$1,104,200.00","1355 Simpson Rd NW, Atlanta, GA 30314",1355 Simpson Rd NW,,,,,,,,,,,,,,,,,,,,,,,,,,,,,,,,,,,,,,,,,,,,,,,,,,,,,
99,99,,,,,2123-E,Transportation,Traffic,School Zone Flashers,Jackson Elementary School,School flashers for elementary school at 1325 Mount Paran Road,High,"$9,270","1325 Mount Paran Road Northwest, Atlanta, GA 30327",1325 Mount Paran Road Northwest,,,,,,,,,,,,,,,,,,,,,,,,,,,,,,,,,,,,,,,,,,,,,,,,,,,,,
100,100,,,,,2124-E,Transportation,Traffic,School Zone Flashers,Jackson High School,"School flashers for High school at 801 Glenwood Avenue, S.E.",High,"$9,270","801 Glenwood Avenue Southeast, Atlanta, GA",801 Glenwood Avenue Southeast,,,,,,,,,,,,,,,,,,,,,,,,,,,,,,,,,,,,,,,,,,,,,,,,,,,,,
101,101,,,,,2015-E,Transportation,Complete Street,Complete Street,JE Lowery Blvd,"Complete Street improvements inclusive of milling, repaving, and installation of bicycle lanes, sidewalks and
pedestrian improvements along JE Lowery Blvd between JE Boone Blvd and Mitchell St",High,"$718,000.00","916 Joseph E Lowery Blvd NW, Atlanta, GA 30318916 Joseph E Lowery Blvd NW",,,,,,,,,,,,,,,,,,,,,,,,,,,,,,,,,,,,,,,,,,,,,,,,,,,,,,
102,102,,,,,2060-E,Transportation,Roadway,Roadway Resurfacing,Jefferson Street,Resurfacing from Echo Street to Joseph E. Lowery Boulevard,High,"$171,500","856 Jefferson St NW, Atlanta, GA 30318","856 Jefferson St NW, Atlanta",,,,,,,,,,,,,,,,,,,,,,,,,,,,,,,,,,,,,,,,,,,,,,,,,,,,,
103,103,,,,,2062-E,Transportation,Roadway,Roadway Resurfacing,Johnson Road,Resurfacing from 1600 Johnson Road to City Limit south of Zonolite Rd,High,"$68,304","1590 Johnson Rd NE, Atlanta, GA 30306",1590 Johnson Rd NE,,,,,,,,,,,,,,,,,,,,,,,,,,,,,,,,,,,,,,,,,,,,,,,,,,,,,
104,104,,,,,2063-E,Transportation,Roadway,Roadway Resurfacing,Johnson Road,Resurfacing from Lenox Rd to 1600 Johnson Road,High,"$20,405","1700 Johnson Rd NE, Atlanta, GA 30306",1700 Johnson Rd NE,,,,,,,,,,,,,,,,,,,,,,,,,,,,,,,,,,,,,,,,,,,,,,,,,,,,,
105,105,,,,,2125-E,Transportation,Traffic,School Zone Flashers,Jones Elementary School,School flashers for elementary school at 1040 Fair Street,High,"$9,270","1040 Fair Street Southwest, Atlanta, GA 30314",1040 Fair Street Southwest,,,,,,,,,,,,,,,,,,,,,,,,,,,,,,,,,,,,,,,,,,,,,,,,,,,,,
106,106,,,,,2194-E,Transportation,Traffic,Traffic Signals,Jonesboro Road @ Claire Drive & Sawtell Avenue,"Replacement of traffic signal LED's, cabinet, controller monitor, signal wiring, communications, & timing at the intersection.",High,"$87,760","314 Sawtell Ave SE, Atlanta, GA 30315",314 Sawtell Ave SE,,,,,,,,,,,,,,,,,,,,,,,,,,,,,,,,,,,,,,,,,,,,,,,,,,,,,
107,107,,,,,2162-E,Transportation,Traffic,Traffic Communication Corridor,Joseph E. Boone,Upgrades along major thoroughfares to optimize signal operations and communications network to ATCC.,High,"$1,154,400","1355 Simpson Rd NW, Atlanta, GA 30314",1355 Simpson Rd NW,,,,,,,,,,,,,,,,,,,,,,,,,,,,,,,,,,,,,,,,,,,,,,,,,,,,,
108,108,,,,,2163-E,Transportation,Traffic,Traffic Communication Corridor,Joseph E. Lowery,Upgrades along major thoroughfares to optimize signal operations and communications network to ATCC.,High,"$333,000","916 Joseph E Lowery Blvd NW, Atlanta, GA 30318",916 Joseph E Lowery Blvd NW,,,,,,,,,,,,,,,,,,,,,,,,,,,,,,,,,,,,,,,,,,,,,,,,,,,,,
109,109,,,,,2064-E,Transportation,Roadway,Roadway Resurfacing,Joseph E. Lowery Blvd,Resurfacing from White Street to West Marietta Street,High,"$1,815,000","975 Joseph E Lowery Blvd NW, Atlanta, GA 30318",975 Joseph E Lowery Blvd NW,,,,,,,,,,,,,,,,,,,,,,,,,,,,,,,,,,,,,,,,,,,,,,,,,,,,,
110,110,,,,,2126-E,Transportation,Traffic,School Zone Flashers,Kimberly Elementary School,School flashers for elementary school at 3090 McMurray Drive,High,"$9,270","3090 McMurray Drive Southwest, Atlanta, GA 30311",3090 McMurray Drive Southwest,,,,,,,,,,,,,,,,,,,,,,,,,,,,,,,,,,,,,,,,,,,,,,,,,,,,,
111,111,,,,,2127-E,Transportation,Traffic,School Zone Flashers,Kipp Atlanta Collegiate,School flashers for middle school at 98 Anderson Avenue,High,"$18,540","98 Anderson Avenue Northwest, Atlanta, GA 30314",98 Anderson Avenue Northwest,,,,,,,,,,,,,,,,,,,,,,,,,,,,,,,,,,,,,,,,,,,,,,,,,,,,,
112,112,,,,,2065-E,Transportation,Roadway,Roadway Resurfacing,Lake Avenue,Resurfacing from Elizabeth Street to Irwin Street,High,"$123,700","798 Lake Ave NE, Atlanta, GA 30307",798 Lake Ave NE,,,,,,,,,,,,,,,,,,,,,,,,,,,,,,,,,,,,,,,,,,,,,,,,,,,,,
113,113,,,,,2066-E,Transportation,Roadway,Roadway Resurfacing,Lakewood Avenue,Resurfacing from Langford Parkway to Jonesboro Road,High,"$427,800","2335 Lakewood Ave, Atlanta, GA 30315",2335 Lakewood Ave,,,,,,,,,,,,,,,,,,,,,,,,,,,,,,,,,,,,,,,,,,,,,,,,,,,,,
114,114,,,,,2195-E,Transportation,Traffic,Traffic Signals,Lakewood Avenue @ Claire Drive,"Replacement of traffic signal LED's, cabinet, controller monitor, signal wiring, communications, & timing at the intersection.",High,"$87,760","213 Claire Dr SE, Atlanta, GA 30315",213 Claire Dr SE,,,,,,,,,,,,,,,,,,,,,,,,,,,,,,,,,,,,,,,,,,,,,,,,,,,,,
115,115,,,,,2196-E,Transportation,Traffic,Traffic Signals,Lakewood Avenue @ Fleet Street & Georgia 166 Ramps,"Replacement of traffic signal LED's, cabinet, controller monitor, signal wiring, communications, & timing at the intersection.",High,"$87,760","2930 Lakewood Ave SW, Atlanta, GA 30315",2930 Lakewood Ave SW,,,,,,,,,,,,,,,,,,,,,,,,,,,,,,,,,,,,,,,,,,,,,,,,,,,,,
116,116,,,,,2197-E,Transportation,Traffic,Traffic Signals,Lakewood Avenue @ Macon Drive & Lakewood Way,"Replacement of traffic signal LED's, cabinet, controller monitor, signal wiring, communications, & timing at the intersection.",High,"$87,760","2198 Lakewood Ave, Atlanta, GA 30315",2198 Lakewood Ave,,,,,,,,,,,,,,,,,,,,,,,,,,,,,,,,,,,,,,,,,,,,,,,,,,,,,
117,117,,,,,2198-E,Transportation,Traffic,Traffic Signals,Lakewood Avenue @ Sylvan Road,"Replacement of traffic signal LED's, cabinet, controller monitor, signal wiring, communications, & timing at the intersection.",High,"$87,760","3099 Lakewood Ave SW, Atlanta, GA 30310",3099 Lakewood Ave SW,,,,,,,,,,,,,,,,,,,,,,,,,,,,,,,,,,,,,,,,,,,,,,,,,,,,,
118,118,,,,,2067-E,Transportation,Roadway,Roadway Resurfacing,Lakewood Way,Resurfacing from Pryor Road to Lakewood Avenue,High,"$119,700","246 Lakewood Way SW, Atlanta, GA 30315",246 Lakewood Way SW,,,,,,,,,,,,,,,,,,,,,,,,,,,,,,,,,,,,,,,,,,,,,,,,,,,,,
119,119,,,,,2068-E,Transportation,Roadway,Roadway Resurfacing,Langston Avenue,Resurfacing from Sylvan Road to Murphy Avenue,High,"$299,100","1829 Langston Ave SW, Atlanta, GA 30310",1829 Langston Ave SW,,,,,,,,,,,,,,,,,,,,,,,,,,,,,,,,,,,,,,,,,,,,,,,,,,,,,
120,120,,,,,2069-E,Transportation,Roadway,Roadway Resurfacing,Lawton Street,Resurfacing from Fair Street to Donnally Avenue,High,"$367,000","288 Lawton St SW, Atlanta, GA 30314",288 Lawton St SW,,,,,,,,,,,,,,,,,,,,,,,,,,,,,,,,,,,,,,,,,,,,,,,,,,,,,
121,121,,,,,2199-E,Transportation,Traffic,Traffic Signals,Lee Street @ White Oak Avenue,"Replacement of traffic signal LED's, cabinet, controller monitor, signal wiring, communications, & timing at the intersection.",High,"$87,760","1117 Lee St SW, Atlanta, GA 30310",1117 Lee St SW,,,,,,,,,,,,,,,,,,,,,,,,,,,,,,,,,,,,,,,,,,,,,,,,,,,,,
122,122,,,,,2070-E,Transportation,Roadway,Roadway Resurfacing,Lenox Road,Resurfacing from Cheshire Bridge Road to Johnson Road,High,"$245,096","2572 Lenox Rd NE, Atlanta, GA 30324",2572 Lenox Rd NE,,,,,,,,,,,,,,,,,,,,,,,,,,,,,,,,,,,,,,,,,,,,,,,,,,,,,
123,123,,,,,2071-E,Transportation,Roadway,Roadway Resurfacing,Lenox Road,Resurfacing from Buford Hwy to Peachtree Road,High,"$566,266","3228 Lenox Rd NE, Atlanta, GA 30324",3228 Lenox Rd NE,,,,,,,,,,,,,,,,,,,,,,,,,,,,,,,,,,,,,,,,,,,,,,,,,,,,,
124,124,,,,,2128-E,Transportation,Traffic,School Zone Flashers,Lin Elementary School,School flashers for elementary school at 586 Candler Park Drive,High,"$9,270","586 Candler Park Drive Northeast, Atlanta, GA 30307",586 Candler Park Drive Northeast,,,,,,,,,,,,,,,,,,,,,,,,,,,,,,,,,,,,,,,,,,,,,,,,,,,,,
125,125,,,,,2072-E,Transportation,Roadway,Roadway Resurfacing,Lindbergh Way,Resurfacing from Lindbergh Drive to Piedmont Road,High,"$25,499","628 Lindbergh Dr, Atlanta, GA 30324",628 Lindbergh Dr,,,,,,,,,,,,,,,,,,,,,,,,,,,,,,,,,,,,,,,,,,,,,,,,,,,,,
126,126,,,,,2073-E,Transportation,Roadway,Roadway Resurfacing,Lindbergh Way,Resurfacing from Piedmont Road to Morosgo Way,High,"$35,474","671 Lindbergh Way NE, Atlanta, GA 30324",671 Lindbergh Way NE,,,,,,,,,,,,,,,,,,,,,,,,,,,,,,,,,,,,,,,,,,,,,,,,,,,,,
127,127,,,,,2074-E,Transportation,Roadway,Roadway Resurfacing,Linden Avenue,Resurfacing from Piedmont Avenue to Spring Street,High,"$191,500","80 Linden Ave NW, Atlanta, GA 30308",80 Linden Ave NW,,,,,,,,,,,,,,,,,,,,,,,,,,,,,,,,,,,,,,,,,,,,,,,,,,,,,
128,128,,,,,2129-E,Transportation,Traffic,School Zone Flashers,Long Middle School,School flashers for middle school at 3200 Latona Drive,High,"$9,270","3200 Latona Drive Southwest, Atlanta, GA 30354",3200 Latona Drive Southwest,,,,,,,,,,,,,,,,,,,,,,,,,,,,,,,,,,,,,,,,,,,,,,,,,,,,,
129,129,,,,,2075-E,Transportation,Roadway,Roadway Resurfacing,Loridans Drive,Resurfacing from Wieuca Road to Peachtree Dunwoody Road,High,"$146,410","650 Loridans Dr NE, Atlanta, GA 30342",650 Loridans Dr NE,,,,,,,,,,,,,,,,,,,,,,,,,,,,,,,,,,,,,,,,,,,,,,,,,,,,,
130,130,,,,,2200-E,Transportation,Traffic,Traffic Signals,Luckie Street @ Pine Street,"Replacement of traffic signal LED's, cabinet, controller monitor, signal wiring, communications, & timing at the intersection.",High,"$87,760","287 Pine St NW, Atlanta, GA 30313",287 Pine St NW,,,,,,,,,,,,,,,,,,,,,,,,,,,,,,,,,,,,,,,,,,,,,,,,,,,,,
131,131,,,,,2164-E,Transportation,Traffic,Traffic Communication Corridor,M. L. King Jr Dr.,Upgrades along major thoroughfares to optimize signal operations and communications network to ATCC.,High,"$1,474,200","2429 Martin Luther King Junior Drive Southwest, Atlanta, GA 30311",2429 Martin Luther King Junior Drive Southwest,,,,,,,,,,,,,,,,,,,,,,,,,,,,,,,,,,,,,,,,,,,,,,,,,,,,,
132,132,,,,,2226-E,Non-Transportation Major,Facility,Parks,M.L. King Natatorium,Design and construction of new facility.,high,"$17,500,000.00",,,,,,,,,,,,,,,,,,,,,,,,,,,,,,,,,,,,,,,,,,,,,,,,,,,,,,,
133,133,,,,,2076-E,Transportation,Roadway,Roadway Resurfacing,Macon Drive,Resurfacing from Cleveland Avenue to Lakewood Avenue,High,"$404,000","2394 Macon Dr SW, Atlanta, GA 30315",2394 Macon Dr SW,,,,,,,,,,,,,,,,,,,,,,,,,,,,,,,,,,,,,,,,,,,,,,,,,,,,,
134,134,,,,,2201-E,Transportation,Traffic,Traffic Signals,Macon Drive @ Old Hapeville Road & Bromack Drive,"Replacement of traffic signal LED's, controller monitor signal wiring, communication, & timing at the intersection.",High,"$74,920","2424 Macon Dr SW, Atlanta, GA 30315",2424 Macon Dr SW,,,,,,,,,,,,,,,,,,,,,,,,,,,,,,,,,,,,,,,,,,,,,,,,,,,,,
135,135,,,,,2165-E,Transportation,Traffic,Traffic Communication Corridor,Marietta Blvd,Upgrades along major thoroughfares to optimize signal operations and communications network to ATCC.,High,"$799,200","1401 Marietta Boulevard Northwest, Atlanta, GA 30318",1401 Marietta Boulevard Northwest,,,,,,,,,,,,,,,,,,,,,,,,,,,,,,,,,,,,,,,,,,,,,,,,,,,,,
136,136,,,,,2202-E,Transportation,Traffic,Traffic Signals,Marietta Boulevard @ Chattahoochee Avenue,"Replacement of traffic signal LED's, cabinet, controller monitor, signal wiring, communications, & timing at the intersection.",High,"$87,760","1544 Chattahoochee Ave NW, Atlanta, GA 30318",1544 Chattahoochee Ave NW,,,,,,,,,,,,,,,,,,,,,,,,,,,,,,,,,,,,,,,,,,,,,,,,,,,,,
137,137,,,,,2203-E,Transportation,Traffic,Traffic Signals,Marietta Road @ Perry Boulevard & Johnson Road,"Replacement of traffic signal LED's, cabinet, controller monitor, signal wiring, communications, & timing at the intersection.",High,"$87,760","1506 Perry Blvd NW, Atlanta, GA 30318",1506 Perry Blvd NW,,,,,,,,,,,,,,,,,,,,,,,,,,,,,,,,,,,,,,,,,,,,,,,,,,,,,
138,138,,,,,2077-E,Transportation,Roadway,Roadway Resurfacing,Marietta Street,Resurfacing from Peachtree Street to West Marietta Street,High,"$1,246,600","935 Marietta Street Northwest, Atlanta, GA 30318",935 Marietta Street Northwest,,,,,,,,,,,,,,,,,,,,,,,,,,,,,,,,,,,,,,,,,,,,,,,,,,,,,
139,139,,,,,2204-E,Transportation,Traffic,Traffic Signals,Marietta Street @ Andrew Young International Boulevard,"Replacement of traffic signal LED's, controller monitor signal wiring, communication, & timing at the intersection.",High,"$68,500","224 Andrew Young International Blvd NW, Atlanta, GA 30313",224 Andrew Young International Blvd NW,,,,,,,,,,,,,,,,,,,,,,,,,,,,,,,,,,,,,,,,,,,,,,,,,,,,,
140,140,,,,,2205-E,Transportation,Traffic,Traffic Signals,Marietta Street @ Foundry Street,"Replacement of traffic signal LED's, controller monitor signal wiring, communication, & timing at the intersection.",High,"$68,500","520 Foundry St NW, Atlanta, GA 30314",520 Foundry St NW,,,,,,,,,,,,,,,,,,,,,,,,,,,,,,,,,,,,,,,,,,,,,,,,,,,,,
141,141,,,,,2015-H,Transportation,Bridges,Bridge Replacement,"Martin L. King, Jr. Drive",Replacement of 105+ year old bridge over surface parking between Northside Drive & Forsyth Street.,High,"$12,822,400","232 Forsyth Street Southwest, Atlanta, GA 30303",232 Forsyth Street Southwest,,,,,,,,,,,,,,,,,,,,,,,,,,,,,,,,,,,,,,,,,,,,,,,,,,,,,
142,142,,,,,2206-E,Transportation,Traffic,Traffic Signals,"Martin L. King, Jr. Drive @ I-285 N/B Ramp","Replacement of traffic signal LED's, cabinet, controller monitor, signal wiring, communications, & timing at the intersection.",High,"$87,760","3276 M.L.K. Jr Dr NW, Atlanta, GA 30311",3276 M.L.K. Jr Dr NW,,,,,,,,,,,,,,,,,,,,,,,,,,,,,,,,,,,,,,,,,,,,,,,,,,,,,
143,143,,,,,2207-E,Transportation,Traffic,Traffic Signals,"Martin L. King, Jr. Drive @ Peachtree Street","Replacement of traffic signal LED's, cabinet, controller monitor, signal wiring, communications, & timing at the intersection.",High,"$87,760","130 M.L.K. Jr Dr NW, Atlanta, GA 30303",130 M.L.K. Jr Dr NW,,,,,,,,,,,,,,,,,,,,,,,,,,,,,,,,,,,,,,,,,,,,,,,,,,,,,
144,144,,,,,2208-E,Transportation,Traffic,Traffic Signals,"Martin L. King, Jr. Drive @ Pryor Street","Replacement of traffic signal LED's, cabinet, controller monitor, signal wiring, communications, & timing at the intersection.",High,"$87,760","99 M.L.K. Jr Dr NW, Atlanta, GA 30303",99 M.L.K. Jr Dr NW,,,,,,,,,,,,,,,,,,,,,,,,,,,,,,,,,,,,,,,,,,,,,,,,,,,,,
145,145,,,,,2078-E,Transportation,Roadway,Roadway Resurfacing,Mayson Street,Resurfacing from Dead End to Dead End,High,"$58,000","113 Mayson St NE, Atlanta, GA 30324",113 Mayson St NE,,,,,,,,,,,,,,,,,,,,,,,,,,,,,,,,,,,,,,,,,,,,,,,,,,,,,
146,146,,,,,2166-E,Transportation,Traffic,Traffic Communication Corridor,McDaniel Street,Upgrades along major thoroughfares to optimize signal operations and communications network to ATCC.,High,"$421,800","678 McDaniel Street Southwest, Atlanta, GA 30310",678 McDaniel Street Southwest,,,,,,,,,,,,,,,,,,,,,,,,,,,,,,,,,,,,,,,,,,,,,,,,,,,,,
147,147,,,,,2209-E,Transportation,Traffic,Traffic Signals,McDaniel Street @ Peters Street,"Replacement of traffic signal LED's, signal communications, & timing at the intersection.",High,"$59,940","379 McDaniel St SW, Atlanta, GA 30313",379 McDaniel St SW,,,,,,,,,,,,,,,,,,,,,,,,,,,,,,,,,,,,,,,,,,,,,,,,,,,,,
148,148,,,,,2210-E,Transportation,Traffic,Traffic Signals,Memorial Drive @ Maynard Terrace & Wyman Street,"Replacement of traffic signal LED's, cabinet, controller monitor, signal wiring, communications, & timing at the intersection.",High,"$87,760","1655 Memorial Dr SE, Atlanta, GA 30317",1655 Memorial Dr SE,,,,,,,,,,,,,,,,,,,,,,,,,,,,,,,,,,,,,,,,,,,,,,,,,,,,,
149,149,,,,,2130-E,Transportation,Traffic,School Zone Flashers,Miles Elementary School,School flashers for elementary school at 4215 Bakers Ferry Road,High,"$9,270","4215 Bakers Ferry Rd SW, Atlanta, GA 30331",4215 Bakers Ferry Rd SW,,,,,,,,,,,,,,,,,,,,,,,,,,,,,,,,,,,,,,,,,,,,,,,,,,,,,
150,150,,,,,2016-E,Transportation,Complete Street,Complete Street,"ML King, Jr Drive","Complete Street improvements inclusive of milling, resurfacing and installation of bicycle lanes along some sections;
Avenue including streetscape and pedestrian safety improvements.",High,"$4,573,300.00","2429 Martin Luther King Jr Drive, Atlanta, GA 30311",2429 Martin Luther King Jr Drive,,,,,,,,,,,,,,,,,,,,,,,,,,,,,,,,,,,,,,,,,,,,,,,,,,,,,
151,151,,,,,2017-E,Transportation,Complete Street,Complete Street,Monroe Drive,"Complete Street improvements inclusive of milling, resurfacing and pedestrian improvements from Piedmont Circle to
Ponce de Leon Avenue.",High,"$2,500,000.00","593 Dutch Valley Road Northeast, Atlanta, GA 30324",593 Dutch Valley Road Northeast,,,,,,,,,,,,,,,,,,,,,,,,,,,,,,,,,,,,,,,,,,,,,,,,,,,,,
152,152,,,,,2211-E,Transportation,Traffic,Traffic Signals,Monroe Drive @ Amsterdam Avenue,"Replacement of traffic signal cabinet, controller monitor, signal wiring, communication, & timing at the intersection.",High,"$68,500","1229 Monroe Dr NE, Atlanta, GA 30306",1229 Monroe Dr NE,,,,,,,,,,,,,,,,,,,,,,,,,,,,,,,,,,,,,,,,,,,,,,,,,,,,,
153,153,,,,,2212-E,Transportation,Traffic,Traffic Signals,Monroe Drive @ Armour Drive,"Replacement of traffic signal LED's, cabinet, controller monitor, signal wiring, communications, & timing at the intersection.",High,"$87,760","2155 Monroe Dr NE, Atlanta, GA 30324",2155 Monroe Dr NE,,,,,,,,,,,,,,,,,,,,,,,,,,,,,,,,,,,,,,,,,,,,,,,,,,,,,
154,154,,,,,2213-E,Transportation,Traffic,Traffic Signals,Monroe Drive @ Buford Highway N/B Ramps,"Replacement of traffic signal LED's, cabinet, controller monitor, signal wiring, communications, & timing at the intersection.",High,"$87,760","1997 Monroe Dr NE, Atlanta, GA 30324",1997 Monroe Dr NE,,,,,,,,,,,,,,,,,,,,,,,,,,,,,,,,,,,,,,,,,,,,,,,,,,,,,
155,155,,,,,2214-E,Transportation,Traffic,Traffic Signals,Monroe Drive @ Park Drive,"Replacement of traffic signal cabinet, controller monitor, signal wiring, communication, & timing at the intersection.",High,"$68,500","1113 Monroe Dr NE, Atlanta, GA 30306",1113 Monroe Dr NE,,,,,,,,,,,,,,,,,,,,,,,,,,,,,,,,,,,,,,,,,,,,,,,,,,,,,
156,156,,,,,2018-E,Transportation,Complete Street,Complete Street,Monroe Drive/Boulevard,"Complete Street improvements inclusive of milling, repaving, and installation of bicycle lanes, sidewalks and
pedestrian improvements from 10th Street to Memorial Drive.",High,"$2,175,200.00","683 Boulevard Northeast, Atlanta, GA 30308",683 Boulevard Northeast,,,,,,,,,,,,,,,,,,,,,,,,,,,,,,,,,,,,,,,,,,,,,,,,,,,,,
157,157,,,,,2167-E,Transportation,Traffic,Traffic Communication Corridor,Monroe/Boulevard,Upgrades along major thoroughfares to optimize signal operations and communications network to ATCC.,High,"$1,276,500","1700 Monroe Dr NE, Atlanta, GA 30324","1700 Monroe Dr NE, Atlanta, GA 30324",,,,,,,,,,,,,,,,,,,,,,,,,,,,,,,,,,,,,,,,,,,,,,,,,,,,,
158,158,,,,,2079-E,Transportation,Roadway,Roadway Resurfacing,Montgomery Ferry Drive,Resurfacing from Maddox Drive to Polo Drive,High,"$100,106","30 Montgomery Ferry Dr NE, Atlanta, GA 30309",30 Montgomery Ferry Dr NE,,,,,,,,,,,,,,,,,,,,,,,,,,,,,,,,,,,,,,,,,,,,,,,,,,,,,
159,159,,,,,2080-E,Transportation,Roadway,Roadway Resurfacing,Montgomery Ferry Road,Resurfacing from Polo Drive to Piedmont Avenue,High,"$179,500","590 Montgomery Ferry Dr NE, Atlanta, GA 30324",590 Montgomery Ferry Dr NE,,,,,,,,,,,,,,,,,,,,,,,,,,,,,,,,,,,,,,,,,,,,,,,,,,,,,
160,160,,,,,2215-E,Transportation,Traffic,Traffic Signals,Moreland Avenue @ Eastland Road & Sunshine Plaza Driveway,"Replacement of traffic signal LED's, cabinet, controller monitor, signal wiring, communications, & timing at the intersection.",High,"$87,760","1208 Moreland Ave SE, Atlanta, GA 30316",1208 Moreland Ave SE,,,,,,,,,,,,,,,,,,,,,,,,,,,,,,,,,,,,,,,,,,,,,,,,,,,,,
161,161,,,,,2216-E,Transportation,Traffic,Traffic Signals,Moreland Avenue @ McDonough Boulevard,"Replacement of traffic signal LED's, cabinet, controller monitor, signal wiring, communications, & timing at the intersection.",High,"$87,760","1769 Moreland Ave SE, Atlanta, GA 30315",1769 Moreland Ave SE,,,,,,,,,,,,,,,,,,,,,,,,,,,,,,,,,,,,,,,,,,,,,,,,,,,,,
162,162,,,,,2131-E,Transportation,Traffic,School Zone Flashers,Morningside Elementary School,"School flashers for elementary school at 1053 East Rock Springs Road, NE",High,"$9,270","1053 E Rock Springs Road Northeast, Atlanta, GA 30306",1053 E Rock Springs Road Northeast,,,,,,,,,,,,,,,,,,,,,,,,,,,,,,,,,,,,,,,,,,,,,,,,,,,,,
163,163,,,,,2081-E,Transportation,Roadway,Roadway Resurfacing,Morris Street,Resurfacing from Howell Mill Road to Old Chattahoochee Avenue,High,"$125,300","901 Morris St NW, Atlanta, GA 30318",901 Morris St NW,,,,,,,,,,,,,,,,,,,,,,,,,,,,,,,,,,,,,,,,,,,,,,,,,,,,,
164,164,,,,,2082-E,Transportation,Roadway,Roadway Resurfacing,Murphy Avenue,Resurfacing from Glenn Street to Dill Avenue,High,"$541,000","1100 Murphy Avenue Southwest, Atlanta, GA 30310",1100 Murphy Avenue Southwest,,,,,,,,,,,,,,,,,,,,,,,,,,,,,,,,,,,,,,,,,,,,,,,,,,,,,
165,165,,,,,2132-E,Transportation,Traffic,School Zone Flashers,Neighborhood Charter School,School flashers for school at 688 Grant Street,High,"$9,270","688 Grant Street, Atlanta, GA 30315",688 Grant Street,,,,,,,,,,,,,,,,,,,,,,,,,,,,,,,,,,,,,,,,,,,,,,,,,,,,,
166,166,,,,,2015-H,Transportation,Bridges,Bridge Replacement,Nelson Street – pedestrian,Retro-fit of 95+ year old bridge over Southern Railroad between Elliot Street & Spring Street for pedestrain use only.,High,"$1,656,849","51 Elliott Street Southwest, Atlanta, GA 30313",51 Elliott Street Southwest,,,,,,,,,,,,,,,,,,,,,,,,,,,,,,,,,,,,,,,,,,,,,,,,,,,,,
167,167,,,,,2083-E,Transportation,Roadway,Roadway Resurfacing,North Angier Avenue,Resurfacing from North Avenue to Dead End,High,"$54,400","798 N Angier Ave NE, Atlanta, GA 30308",798 N Angier Ave NE,,,,,,,,,,,,,,,,,,,,,,,,,,,,,,,,,,,,,,,,,,,,,,,,,,,,,
168,168,,,,,2084-E,Transportation,Roadway,Roadway Resurfacing,North Avenue,Resurfacing from Moreland Avenue to Candler Park Drive,High,"$44,923","1340 North Avenue NE, Atlanta, GA 30307",1340 North Avenue NE,,,,,,,,,,,,,,,,,,,,,,,,,,,,,,,,,,,,,,,,,,,,,,,,,,,,,
169,169,,,,,2168-E,Transportation,Traffic,Traffic Communication Corridor,North Avenue,Upgrades along major thoroughfares to optimize signal operations and communications network to ATCC.,High,"$1,062,000","695 North Avenue Northeast, Atlanta, GA 30308","695 North Avenue Northeast, Atlanta, GA 30308",,,,,,,,,,,,,,,,,,,,,,,,,,,,,,,,,,,,,,,,,,,,,,,,,,,,,
170,170,,,,,2085-E,Transportation,Roadway,Roadway Resurfacing,North Camp Creek Pkwy,Resurfacing from Stone Rd to Stone - Hogan Rd Connector,High,"$90,000","3516 N Camp Creek Pkwy SW, Atlanta, GA 30331",3516 N Camp Creek Pkwy SW,,,,,,,,,,,,,,,,,,,,,,,,,,,,,,,,,,,,,,,,,,,,,,,,,,,,,
171,171,,,,,2217-E,Transportation,Traffic,Traffic Signals,Northside Drive @ Moores Mill Road,"Replacement of traffic signal LED's, cabinet, controller monitor, signal wiring, communications, & timing at the intersection.",High,"$87,760","3131 Northside Dr NW, Atlanta, GA 30305",3131 Northside Dr NW,,,,,,,,,,,,,,,,,,,,,,,,,,,,,,,,,,,,,,,,,,,,,,,,,,,,,
172,172,,,,,2086-E,Transportation,Roadway,Roadway Resurfacing,Northwest Drive,Resurfacing from Bolton Road to James Jackson Parkway,High,"$347,000","1300 Northwest Dr NW, Atlanta, GA 30318","1300 Northwest Dr NW, Atlanta",,,,,,,,,,,,,,,,,,,,,,,,,,,,,,,,,,,,,,,,,,,,,,,,,,,,,
173,173,,,,,2087-E,Transportation,Roadway,Roadway Resurfacing,Oakdale Road,Resurfacing from Lullwater Creek to 909 Oakdale Road,High,"$54,071","928 Oakdale Rd NE, Atlanta, GA 30307","928 Oakdale Rd NE, Atlanta",,,,,,,,,,,,,,,,,,,,,,,,,,,,,,,,,,,,,,,,,,,,,,,,,,,,,
174,174,,,,,2218-E,Transportation,Traffic,Traffic Signals,Oakdale Road @ Fairview Road,"Replacement of traffic signal LED's, cabinet, controller monitor, signal wiring, communications, & timing at the intersection.",High,"$87,760","695 Oakdale Rd NE, Atlanta, GA 30306",695 Oakdale Rd NE,,,,,,,,,,,,,,,,,,,,,,,,,,,,,,,,,,,,,,,,,,,,,,,,,,,,,
175,175,,,,,2088-E,Transportation,Roadway,Roadway Resurfacing,Oakland Drive,Resurfacing from Richland to Campbellton Road,High,"$279,200","896 Oakland Dr SW, Atlanta, GA 30310","896 Oakland Dr SW, Atlanta",,,,,,,,,,,,,,,,,,,,,,,,,,,,,,,,,,,,,,,,,,,,,,,,,,,,,
176,176,,,,,2133-E,Transportation,Traffic,School Zone Flashers,Oglethorpe Elementary School New Name: North Metro,School flashers for elementary school at 601 Beckwith Street,High,"$9,270","601 Beckwith St SW, Atlanta, GA 30314",601 Beckwith St SW,,,,,,,,,,,,,,,,,,,,,,,,,,,,,,,,,,,,,,,,,,,,,,,,,,,,,
177,177,,,,,2089-E,Transportation,Roadway,Roadway Resurfacing,Old Chattahoochee Avenue,Resurfacing from Bowen Street to Howell Mill Road,High,"$81,200","43 Old Chattahoochee Ave NW, Atlanta, GA 30318",43 Old Chattahoochee Ave NW,,,,,,,,,,,,,,,,,,,,,,,,,,,,,,,,,,,,,,,,,,,,,,,,,,,,,
178,178,,,,,2090-E,Transportation,Roadway,Roadway Resurfacing,Old Chattahoochee Avenue,Resurfacing from Ellsworth Industrial Boulevard to Huber Street,High,"$51,500","1299 Old Chattahoochee Ave NW, Atlanta, GA 30318",1299 Old Chattahoochee Ave NW,,,,,,,,,,,,,,,,,,,,,,,,,,,,,,,,,,,,,,,,,,,,,,,,,,,,,
179,179,,,,,2091-E,Transportation,Roadway,Roadway Resurfacing,Old Gordon Road,"Resurfacing from Martin L. King, Jr. Drive to Fulton Industrial Boulevard",High,"$106,100","3875 Old Gordon Rd NW, Atlanta, GA 30336",3875 Old Gordon Rd NW,,,,,,,,,,,,,,,,,,,,,,,,,,,,,,,,,,,,,,,,,,,,,,,,,,,,,
180,180,,,,,2092-E,Transportation,Roadway,Roadway Resurfacing,Old Hapeville Road,Resurfacing from Macon Drive to Cleveland Avenue,High,"$143,600","2535 Old Hapeville Rd SW, Atlanta, GA 30315",2535 Old Hapeville Rd SW,,,,,,,,,,,,,,,,,,,,,,,,,,,,,,,,,,,,,,,,,,,,,,,,,,,,,
181,181,,,,,2093-E,Transportation,Roadway,Roadway Resurfacing,Old Ivy Road,Resurfacing from Wieuca Road to dead end (east of Piedmont Road),High,"$245,719","487 Old Ivy Rd NE, Atlanta, GA 30342",487 Old Ivy Rd NE,,,,,,,,,,,,,,,,,,,,,,,,,,,,,,,,,,,,,,,,,,,,,,,,,,,,,
182,182,,,,,2093-E,Transportation,Roadway,Roadway Resurfacing,Paces Ferry Road,Resurfacing from Mount Paran Road to Paces Place,High,"$120,843","3485 Paces Ferry Rd NW, Atlanta, GA 30327",3485 Paces Ferry Rd NW,,,,,,,,,,,,,,,,,,,,,,,,,,,,,,,,,,,,,,,,,,,,,,,,,,,,,
183,183,,,,,2134-E,Transportation,Traffic,School Zone Flashers,Parkside Elementary School,School flashers for elementary school at 685 Mercer Street,High,"$9,270","685 Mercer Street Southeast, Atlanta, GA 30312",685 Mercer Street Southeast,,,,,,,,,,,,,,,,,,,,,,,,,,,,,,,,,,,,,,,,,,,,,,,,,,,,,
184,184,,,,,2219-E,Transportation,Traffic,Traffic Signals,Parkway Drive @ Linden Avenue,"Replacement of traffic signal LED's, cabinet, controller monitor, signal wiring, communications, & timing at the intersection.",High,"$87,760","583 Parkway Dr NE, Atlanta, GA 30308",583 Parkway Dr NE,,,,,,,,,,,,,,,,,,,,,,,,,,,,,,,,,,,,,,,,,,,,,,,,,,,,,
185,185,,,,,2094-E,Transportation,Roadway,Roadway Resurfacing,Peachtree Dunwoody Road,Resurfacing from Roxboro Road to Meadowbrook Drive,High,"$606,300","3600 Peachtree Dunwoody Rd NE, Atlanta, GA 30319",3600 Peachtree Dunwoody Rd NE,,,,,,,,,,,,,,,,,,,,,,,,,,,,,,,,,,,,,,,,,,,,,,,,,,,,,
186,186,,,,,2019-E,Transportation,Complete Street,Complete Street,Peachtree St/Rd,"Complete Street improvements inclusive of curbing, sidewalk and pedestrian improvements from Sheridan Drive to I-
75/85. Resurfacing will be completed by GDOT.",High,"$2,500,949.00","2893 Peachtree Road Northwest, Atlanta, GA 30305",2893 Peachtree Road Northwest,,,,,,,,,,,,,,,,,,,,,,,,,,,,,,,,,,,,,,,,,,,,,,,,,,,,,
187,187,,,,,2169-E,Transportation,Traffic,Traffic Communication Corridor,Peachtree street,Upgrades along major thoroughfares to optimize signal operations and communications network to ATCC.,High,"$1,088,600","1088 Peachtree Road, Atlanta, GA 30309","1088 Peachtree Road, Atlanta, GA 30309",,,,,,,,,,,,,,,,,,,,,,,,,,,,,,,,,,,,,,,,,,,,,,,,,,,,,
188,188,,,,,2220-E,Transportation,Traffic,Traffic Signals,Peachtree Street @ Garnett Street,"Replacement of traffic signal LED's, cabinet, controller monitor, signal wiring, communications, & timing at the intersection.",High,"$87,760","225 Peachtree St SW, Atlanta, GA 30303",225 Peachtree St SW,,,,,,,,,,,,,,,,,,,,,,,,,,,,,,,,,,,,,,,,,,,,,,,,,,,,,
189,189,,,,,2135-E,Transportation,Traffic,School Zone Flashers,Perkerson Elementary School,School flashers for elementary school at 2040 Brewer Boulevard,High,"$18,540","2040 Brewer Blvd., Atlanta, GA 30315",2040 Brewer Blvd.,,,,,,,,,,,,,,,,,,,,,,,,,,,,,,,,,,,,,,,,,,,,,,,,,,,,,
190,190,,,,,2020-E,Transportation,Complete Street,Complete Street,Piedmont Ave,"Complete Street improvements inclusive of milling, repaving, and installation of bicycle lanes, sidewalks and
pedestrian improvements from 10th Street to Ponce de Leon Ave.",High,"$1,322,400.00","1144 Piedmont Avenue Northeast, Atlanta, GA 30309",1144 Piedmont Avenue Northeast,,,,,,,,,,,,,,,,,,,,,,,,,,,,,,,,,,,,,,,,,,,,,,,,,,,,,
191,191,,,,,2170-E,Transportation,Traffic,Traffic Communication Corridor,Piedmont Ave,Upgrades along major thoroughfares to optimize signal operations and communications network to ATCC.,High,"$660,800","1345 Piedmont Avenue Northeast, Atlanta, GA 30309",1345 Piedmont Avenue Northeast,,,,,,,,,,,,,,,,,,,,,,,,,,,,,,,,,,,,,,,,,,,,,,,,,,,,,
192,192,,,,,2095-E,Transportation,Roadway,Roadway Resurfacing,Polo Drive,Resurfacing from Beverly Road to Montgomery Ferry Road,High,"$60,000","90 Polo Dr NE, Atlanta, GA 30309",90 Polo Dr NE,,,,,,,,,,,,,,,,,,,,,,,,,,,,,,,,,,,,,,,,,,,,,,,,,,,,,
193,193,,,,,2015-H,Transportation,Bridges,Bridge Replacement,Powers Ferry Road,Replacement of 105 year old bridge over Nancy Creek between Pineland Road & Hillside Drive.,High,"$2,040,000","4012 Peachtree Dunwoody Road Northeast, Atlanta, GA 30342 ‎",4012 Peachtree Dunwoody Road Northeast,,,,,,,,,,,,,,,,,,,,,,,,,,,,,,,,,,,,,,,,,,,,,,,,,,,,,
194,194,,,,,2221-E,Transportation,Traffic,Traffic Signals,Pryor Road @ Claire Drive & Pryor Circle,"Replacement of traffic signal LED's, cabinet, controller monitor, signal wiring, communications, & timing at the intersection.",High,"$87,760","1731 Pryor Rd SW, Atlanta, GA 30315",1731 Pryor Rd SW,,,,,,,,,,,,,,,,,,,,,,,,,,,,,,,,,,,,,,,,,,,,,,,,,,,,,
195,195,,,,,2222-E,Transportation,Traffic,Traffic Signals,Pryor Road @ Fair Drive,"Replacement of traffic signal LED's, cabinet, controller monitor, signal wiring, communications, & timing at the intersection.",High,"$87,760","1917 Pryor Road Southwest, Atlanta, GA 30315",1917 Pryor Road Southwest,,,,,,,,,,,,,,,,,,,,,,,,,,,,,,,,,,,,,,,,,,,,,,,,,,,,,
196,196,,,,,2223-E,Transportation,Traffic,Traffic Signals,Pryor Street @ Underground Atlanta Crosswalk,"Replacement of traffic signal LED's, cabinet, controller monitor, signal wiring, communications, & timing at the intersection.",High,"$87,760","86 Pryor St SW, Atlanta, GA 30303",86 Pryor St SW,,,,,,,,,,,,,,,,,,,,,,,,,,,,,,,,,,,,,,,,,,,,,,,,,,,,,
197,197,,,,,2227-E,Non-Transportation Major,Public Art,Public Art,Public Art Program,Incorporation of public art through out projects on a citywide level,high,"$11,800,000.00",,,,,,,,,,,,,,,,,,,,,,,,,,,,,,,,,,,,,,,,,,,,,,,,,,,,,,,
198,198,,,,,2228-E,Non-Transportation Major,Public Safety,Police,Public Safety VIC,Video Integration Center,high,"$3,000,000.00",,,,,,,,,,,,,,,,,,,,,,,,,,,,,,,,,,,,,,,,,,,,,,,,,,,,,,,
199,199,,,,,2171-E,Transportation,Traffic,Traffic Communication Corridor,R.D. Abernathy/Georgia Ave,Upgrades along major thoroughfares to optimize signal operations and communications network to ATCC.,High,"$612,700","879 Ralph David Abernathy Boulevard, Atlanta, GA 30310",879 Ralph David Abernathy Boulevard,,,,,,,,,,,,,,,,,,,,,,,,,,,,,,,,,,,,,,,,,,,,,,,,,,,,,
200,200,,,,,2136-E,Transportation,Traffic,School Zone Flashers,Rivers Elementary School,School flashers for elementary school at 8 Peachtree Battle Avenue,High,"$18,540","8 Peachtree Battle Avenue Northwest, Atlanta, GA 30305",8 Peachtree Battle Avenue Northwest,,,,,,,,,,,,,,,,,,,,,,,,,,,,,,,,,,,,,,,,,,,,,,,,,,,,,
201,201,,,,,2096-E,Transportation,Roadway,Roadway Resurfacing,Ruby Harper Blvd,Browns Mill Road to City Limits,High,"$274,300","3585 Ruby H Harper Blvd, Atlanta, GA 30354",3585 Ruby H Harper Blvd,,,,,,,,,,,,,,,,,,,,,,,,,,,,,,,,,,,,,,,,,,,,,,,,,,,,,
202,202,,,,,2137-E,Transportation,Traffic,School Zone Flashers,Martin Luther King Jr. Middle School,School flashers for middle school 1550 Hosea Williams Drive,High,"$9,270","1550 Hosea L Williams Drive Northeast, Atlanta, GA 30317",1550 Hosea L Williams Drive Northeast,,,,,,,,,,,,,,,,,,,,,,,,,,,,,,,,,,,,,,,,,,,,,,,,,,,,,
203,203,,,,,2138-E,Transportation,Traffic,School Zone Flashers,Scott Elementary School,School flashers for elementary school at 1752 Hollywood Road,High,"$18,540","1752 Hollywood Road Northwest, Atlanta, GA 30318",1752 Hollywood Road Northwest,,,,,,,,,,,,,,,,,,,,,,,,,,,,,,,,,,,,,,,,,,,,,,,,,,,,,
204,204,,,,,2139-E,Transportation,Traffic,School Zone Flashers,Smith Elementary School,School flashers for elementary school at 370 Old Ivy Road,High,"$9,270","370 Old Ivy Road Northeast, Atlanta, GA 30342",370 Old Ivy Road Northeast,,,,,,,,,,,,,,,,,,,,,,,,,,,,,,,,,,,,,,,,,,,,,,,,,,,,,
205,205,,,,,2140-E,Transportation,Traffic,School Zone Flashers,Smith Intermediate School,School flashers for school at 4100 Roswell Road,High,"$9,270","4100 Roswell Rd, Atlanta, GA 30342",4100 Roswell Rd,,,,,,,,,,,,,,,,,,,,,,,,,,,,,,,,,,,,,,,,,,,,,,,,,,,,,
206,206,,,,,2141-E,Transportation,Traffic,School Zone Flashers,South Atlanta Computer Animation & Design School,School flashers for High school at 800 Hutchens Road,High,"$9,270","800 Hutchens Road Southeast, Atlanta, GA 30354",800 Hutchens Road Southeast,,,,,,,,,,,,,,,,,,,,,,,,,,,,,,,,,,,,,,,,,,,,,,,,,,,,,
207,207,,,,,2097-E,Transportation,Roadway,Roadway Resurfacing,Southside Industrial Court,Southside Industrial Parkway to cul-de-sac,High,"$82,900","3781 Southside Industrial Ct, Atlanta, GA 30354",3781 Southside Industrial Ct,,,,,,,,,,,,,,,,,,,,,,,,,,,,,,,,,,,,,,,,,,,,,,,,,,,,,
208,208,,,,,2098-E,Transportation,Roadway,Roadway Resurfacing,Southside Industrial Parkway,Browns Mill Road to Jonesboro Road,High,"$1,054,050","660 McWilliams Rd SE, Atlanta, GA 30315",660 McWilliams Rd SE,,,,,,,,,,,,,,,,,,,,,,,,,,,,,,,,,,,,,,,,,,,,,,,,,,,,,
209,209,,,,,2099-E,Transportation,Roadway,Roadway Resurfacing,Southside Industrial Way,Southside Industrial Parkway to Dead End,High,"$55,900","Wilson Rd SE, Atlanta, GA 30354",Wilson Rd SE,,,,,,,,,,,,,,,,,,,,,,,,,,,,,,,,,,,,,,,,,,,,,,,,,,,,,
210,210,,,,,2142-E,Transportation,Traffic,School Zone Flashers,Springdale Park Elementary School,School flashers for elementary school at 1246 Ponce de Leon Avenue,High,"$9,270","1246 Ponce De Leon Avenue Northeast, Atlanta, GA 30306‎",1246 Ponce De Leon Avenue Northeast,,,,,,,,,,,,,,,,,,,,,,,,,,,,,,,,,,,,,,,,,,,,,,,,,,,,,
211,211,,,,,2100-E,Transportation,Roadway,Roadway Resurfacing,Stone Hogan Connector,Resurfacing from Stone Road to City limits,High,"$123,700","3050 Stone Hogan Conn SW, Atlanta, GA 30331",3050 Stone Hogan Conn SW,,,,,,,,,,,,,,,,,,,,,,,,,,,,,,,,,,,,,,,,,,,,,,,,,,,,,
212,212,,,,,2143-E,Transportation,Traffic,School Zone Flashers,Sutton Middle School,School flashers for middle school at 4360 Powers Ferry Road,High,"$9,270","4360 Powers Ferry Rd, Atlanta, GA 30327",4360 Powers Ferry Rd,,,,,,,,,,,,,,,,,,,,,,,,,,,,,,,,,,,,,,,,,,,,,,,,,,,,,
213,213,,,,,2101-E,Transportation,Roadway,Roadway Resurfacing,Sydney Street,Resurfacing from Connally Street to Cherokee Avenue,High,"$120,000","444 Sydney St SE, Atlanta, GA 30312",444 Sydney St SE,,,,,,,,,,,,,,,,,,,,,,,,,,,,,,,,,,,,,,,,,,,,,,,,,,,,,
214,214,,,,,2144-E,Transportation,Traffic,School Zone Flashers,Sylvan Hills Middle School,School flashers for middle school at 1461 Sylvan Road,High,"$18,540","1461 Sylvan Road Southwest, Atlanta, GA 30310",1461 Sylvan Road Southwest,,,,,,,,,,,,,,,,,,,,,,,,,,,,,,,,,,,,,,,,,,,,,,,,,,,,,
215,215,,,,,2172-E,Transportation,Traffic,Traffic Communication Corridor,Sylvan Road,Upgrades along major thoroughfares to optimize signal operations and communications network to ATCC.,High,"$457,300","1683 Sylvan Road Southwest, Atlanta, GA 30310",1683 Sylvan Road Southwest,,,,,,,,,,,,,,,,,,,,,,,,,,,,,,,,,,,,,,,,,,,,,,,,,,,,,
216,216,,,,,2224-E,Transportation,Traffic,Traffic Signals,Sylvan Road @ Deckner Avenue & Brewer Boulevard,"Replacement of traffic signal LED's, cabinet, controller monitor, signal wiring, communications, & timing at the intersection.",High,"$87,760","935 Deckner Ave SW, Atlanta, GA 30310",935 Deckner Ave SW,,,,,,,,,,,,,,,,,,,,,,,,,,,,,,,,,,,,,,,,,,,,,,,,,,,,,
217,217,,,,,2145-E,Transportation,Traffic,School Zone Flashers,Toomer Elementary School,School flashers for elementary school at 65 Rogers Street,High,"$9,270","65 Rogers Street Northeast, Atlanta, GA 30317",65 Rogers Street Northeast,,,,,,,,,,,,,,,,,,,,,,,,,,,,,,,,,,,,,,,,,,,,,,,,,,,,,
218,218,,,,,2146-E,Transportation,Traffic,School Zone Flashers,Towns Elementary School,School flashers for elementary school at 760 Bolton Road,High,"$9,270","760 Bolton Road Northwest, Atlanta, GA 30331",760 Bolton Road Northwest,,,,,,,,,,,,,,,,,,,,,,,,,,,,,,,,,,,,,,,,,,,,,,,,,,,,,
219,219,,,,,2021-E,Transportation,Complete Street,Complete Street,University Ave,"Complete Street improvements inclusive of milling, repaving, and installation of bicycle lanes, sidewalks and
pedestrian improvements from Metropolitan Pkwy to Hank Aaron Drive",High,"$1,012,200.00","1217 Metropolitan Parkway Southwest, Atlanta, GA 30310",1217 Metropolitan Parkway Southwest,,,,,,,,,,,,,,,,,,,,,,,,,,,,,,,,,,,,,,,,,,,,,,,,,,,,,
220,220,,,,,2147-E,Transportation,Traffic,School Zone Flashers,University Community School,School flashers for school at 2050 Tiger Flowers Drive,High,"$9,270","2050 Tiger Flowers Dr NW, Atlanta, GA 30314",2050 Tiger Flowers Dr NW,,,,,,,,,,,,,,,,,,,,,,,,,,,,,,,,,,,,,,,,,,,,,,,,,,,,,
221,221,,,,,2148-E,Transportation,Traffic,School Zone Flashers,"Washington Banking, Finance, & Investments School",School flashers for High school at 45 Whitehouse Drive,High,"$18,540","45 Whitehouse Drive Southwest, Atlanta, GA 30314‎",45 Whitehouse Drive Southwest,,,,,,,,,,,,,,,,,,,,,,,,,,,,,,,,,,,,,,,,,,,,,,,,,,,,,
222,222,,,,,2149-E,Transportation,Traffic,School Zone Flashers,"West End Academy (11, 12) School ","School flashers for school at 1325 Ralph D. Abernathy Drive, SW new location 1401 Maynard Road",High,"$9,270","1325 Ralph David Abernathy Blvd, Atlanta, GA 30310",1325 Ralph David Abernathy Blvd,,,,,,,,,,,,,,,,,,,,,,,,,,,,,,,,,,,,,,,,,,,,,,,,,,,,,
223,223,,,,,2173-E,Transportation,Traffic,Traffic Communication Corridor,West Marietta St,Upgrades along major thoroughfares to optimize signal operations and communications network to ATCC.,High,"$666,000","955 West Marietta St NW, Atlanta, GA 30318",955 West Marietta St NW,,,,,,,,,,,,,,,,,,,,,,,,,,,,,,,,,,,,,,,,,,,,,,,,,,,,,
224,224,,,,,2102-E,Transportation,Roadway,Roadway Resurfacing,West Wieuca Road,Resurfacing from Wieuca Road to Lake Forrest Drive,High,"$350,000","135 W Wieuca Rd NE, Atlanta, GA 30342",135 W Wieuca Rd NE,,,,,,,,,,,,,,,,,,,,,,,,,,,,,,,,,,,,,,,,,,,,,,,,,,,,,
225,225,,,,,2103-E,Transportation,Roadway,Roadway Resurfacing,West Wieuca Road,Resurfacing from Powers Ferry Road to Lake Forrest Drive.,High,"$200,000","215 W Wieuca Rd NW, Atlanta, GA 30342",215 W Wieuca Rd NW,,,,,,,,,,,,,,,,,,,,,,,,,,,,,,,,,,,,,,,,,,,,,,,,,,,,,
226,226,,,,,2104-E,Transportation,Roadway,Roadway Resurfacing,West Wieuca Road,Resurfacing from Roswell Road to Wieuca Road,High,"$150,000","4427 Roswell Rd, Atlanta, GA 30342",4427 Roswell Rd,,,,,,,,,,,,,,,,,,,,,,,,,,,,,,,,,,,,,,,,,,,,,,,,,,,,,
227,227,,,,,2150-E,Transportation,Traffic,School Zone Flashers,Whitefoord Elementary School,School flashers for elementary school at 35 Whitefoord Avenue,High,"$18,540","35 Whitefoord Avenue Southeast, Atlanta, GA 30317‎",35 Whitefoord Avenue Southeast,,,,,,,,,,,,,,,,,,,,,,,,,,,,,,,,,,,,,,,,,,,,,,,,,,,,,
228,228,,,,,2105-E,Transportation,Roadway,Roadway Resurfacing,Wieuca Road,Resurfacing from Roxboro Road to Roswell Road,High,"$653,044","3626 Peachtree Rd, Atlanta, GA 30326",3626 Peachtree Rd,,,,,,,,,,,,,,,,,,,,,,,,,,,,,,,,,,,,,,,,,,,,,,,,,,,,,
229,229,,,,,2106-E,Transportation,Roadway,Roadway Resurfacing,Wilson Road,Resurfacing from Southside Industrial Parkway to Dead End,High,"$45,500","700 Wilson Rd NW, Atlanta, GA 30318",700 Wilson Rd NW8,,,,,,,,,,,,,,,,,,,,,,,,,,,,,,,,,,,,,,,,,,,,,,,,,,,,,
